{"Número":1,"Gis_X":440443.61,"Gis_Y":4474290.65,"Fecha de Alta":43803,"Distrito":"01  CENTRO","Barrio":"01-06 SOL","Calle":"ALCALA, CALLE, DE","Nº Finca":2,"Tipo de Reserva":"BiciMAD","Número de Plazas":30,"LONGITUD":"-3.70199802576925","LATITUD":"40.4171107953153","DIRECCION":" CALLE DE ALCALA, 2"}
{"Número":2,"Gis_X":440134.83,"Gis_Y":4474678.23,"Fecha de Alta":41813,"Distrito":"01  CENTRO","Barrio":"01-05 UNIVERSIDAD","Calle":"MIGUEL MOYA, CALLE, DE","Nº Finca":1,"Tipo de Reserva":"BiciMAD","Número de Plazas":24,"LONGITUD":"-3.7056738708445","LATITUD":"40.4205801410996","DIRECCION":" CALLE DE MIGUEL MOYA, 1"}
{"Número":3,"Gis_X":440012.98,"Gis_Y":4475760.68,"Fecha de Alta":41813,"Distrito":"07  CHAMBERÍ","Barrio":"07-02 ARAPILES","Calle":"CONDE DEL VALLE DE SUCHIL, PLAZA, DEL","Nº Finca":2,"Tipo de Reserva":"BiciMAD","Número de Plazas":18,"LONGITUD":"-3.70721222717123","LATITUD":"40.4303225635761","DIRECCION":" PLAZA DEL CONDE DEL VALLE DE SUCHIL, 2"}
{"Número":4,"Gis_X":440396.4,"Gis_Y":4475565.36,"Fecha de Alta":41813,"Distrito":"01  CENTRO","Barrio":"01-05 UNIVERSIDAD","Calle":"MANUELA MALASAÑA, CALLE, DE","Nº Finca":3,"Tipo de Reserva":"BiciMAD","Número de Plazas":24,"LONGITUD":"-3.70267393708668","LATITUD":"40.4285905943729","DIRECCION":" CALLE DE MANUELA MALASAÑA, 3"}
{"Número":5,"Gis_X":440446.9,"Gis_Y":4475539.69,"Fecha de Alta":41813,"Distrito":"01  CENTRO","Barrio":"01-04 JUSTICIA","Calle":"FUENCARRAL, CALLE, DE","Nº Finca":106,"Tipo de Reserva":"BiciMAD","Número de Plazas":27,"LONGITUD":"-3.70207622424503","LATITUD":"40.4283629640739","DIRECCION":" CALLE DE FUENCARRAL, 106"}
{"Número":6,"Gis_X":440754.26,"Gis_Y":4475071.08,"Fecha de Alta":41813,"Distrito":"01  CENTRO","Barrio":"01-04 JUSTICIA","Calle":"HORTALEZA, CALLE, DE","Nº Finca":63,"Tipo de Reserva":"BiciMAD","Número de Plazas":24,"LONGITUD":"-3.69840932124385","LATITUD":"40.4241634531642","DIRECCION":" CALLE DE HORTALEZA, 63"}
{"Número":7,"Gis_X":440811.97,"Gis_Y":4475187.49,"Fecha de Alta":41813,"Distrito":"01  CENTRO","Barrio":"01-04 JUSTICIA","Calle":"HORTALEZA, CALLE, DE","Nº Finca":75,"Tipo de Reserva":"BiciMAD","Número de Plazas":21,"LONGITUD":"-3.69773989991129","LATITUD":"40.4252162366264","DIRECCION":" CALLE DE HORTALEZA, 75"}
{"Número":8,"Gis_X":441020.56,"Gis_Y":4475463.16,"Fecha de Alta":41813,"Distrito":"07  CHAMBERÍ","Barrio":"07-04 ALMAGRO","Calle":"ALONSO MARTINEZ, PLAZA, DE","Nº Finca":6,"Tipo de Reserva":"BiciMAD","Número de Plazas":24,"LONGITUD":"-3.69530667556384","LATITUD":"40.4277144154432","DIRECCION":" PLAZA DE ALONSO MARTINEZ, 6"}
{"Número":9,"Gis_X":439813.51,"Gis_Y":4474129.47,"Fecha de Alta":41813,"Distrito":"01  CENTRO","Barrio":"01-01 PALACIO","Calle":"SAN MIGUEL, PLAZA, DE","Nº Finca":9,"Tipo de Reserva":"BiciMAD","Número de Plazas":24,"LONGITUD":"-3.70940929938434","LATITUD":"40.4156134806993","DIRECCION":" PLAZA DE SAN MIGUEL, 9"}
{"Número":10,"Gis_X":441292.12,"Gis_Y":4475204.43,"Fecha de Alta":41813,"Distrito":"01  CENTRO","Barrio":"01-04 JUSTICIA","Calle":"MARQUES DE LA ENSENADA, CALLE, DEL","Nº Finca":16,"Tipo de Reserva":"BiciMAD","Número de Plazas":24,"LONGITUD":"-3.69208159439143","LATITUD":"40.425402860376","DIRECCION":" CALLE DEL MARQUES DE LA ENSENADA, 16"}
{"Número":11,"Gis_X":440314.86,"Gis_Y":4475395.19,"Fecha de Alta":41813,"Distrito":"01  CENTRO","Barrio":"01-05 UNIVERSIDAD","Calle":"SAN ANDRES, CALLE, DE","Nº Finca":20,"Tipo de Reserva":"BiciMAD","Número de Plazas":24,"LONGITUD":"-3.7036191769509","LATITUD":"40.4270517794408","DIRECCION":" CALLE DE SAN ANDRES, 20"}
{"Número":12,"Gis_X":440095.53,"Gis_Y":4475560.73,"Fecha de Alta":41813,"Distrito":"01  CENTRO","Barrio":"01-05 UNIVERSIDAD","Calle":"SAN BERNARDO, CALLE, DE","Nº Finca":87,"Tipo de Reserva":"BiciMAD","Número de Plazas":24,"LONGITUD":"-3.70622023810713","LATITUD":"40.4285272736706","DIRECCION":" CALLE DE SAN BERNARDO, 87"}
{"Número":13,"Gis_X":439733.78,"Gis_Y":4475434.65,"Fecha de Alta":41813,"Distrito":"01  CENTRO","Barrio":"09-02 ARGÜELLES","Calle":"CONDE DUQUE, CALLE, DEL","Nº Finca":22,"Tipo de Reserva":"BiciMAD","Número de Plazas":24,"LONGITUD":"-3.71047268550976","LATITUD":"40.427365360857","DIRECCION":" CALLE DEL CONDE DUQUE, 22"}
{"Número":14,"Gis_X":439476.22,"Gis_Y":4475282.19,"Fecha de Alta":41813,"Distrito":"09  MONCLOA-ARAVACA","Barrio":"01-05 UNIVERSIDAD","Calle":"VENTURA RODRIGUEZ, CALLE, DE","Nº Finca":2,"Tipo de Reserva":"BiciMAD","Número de Plazas":24,"LONGITUD":"-3.71349429901625","LATITUD":"40.4259732363497","DIRECCION":" CALLE DE VENTURA RODRIGUEZ, 2"}
{"Número":15,"Gis_X":440006.74,"Gis_Y":4475294.34,"Fecha de Alta":43881,"Distrito":"01  CENTRO","Barrio":"01-05 UNIVERSIDAD","Calle":"SAN VICENTE FERRER, CALLE, DE","Nº Finca":62,"Tipo de Reserva":"BiciMAD","Número de Plazas":21,"LONGITUD":"-3.70724177921288","LATITUD":"40.4261211146543","DIRECCION":" CALLE DE SAN VICENTE FERRER, 62"}
{"Número":16,"Gis_X":439982.59,"Gis_Y":4474940.94,"Fecha de Alta":41813,"Distrito":"01  CENTRO","Barrio":"01-05 UNIVERSIDAD","Calle":"SAN BERNARDO, CALLE, DE","Nº Finca":22,"Tipo de Reserva":"BiciMAD","Número de Plazas":21,"LONGITUD":"-3.7074930977251","LATITUD":"40.4229357859724","DIRECCION":" CALLE DE SAN BERNARDO, 22"}
{"Número":17,"Gis_X":440263.35,"Gis_Y":4474964.43,"Fecha de Alta":41813,"Distrito":"01  CENTRO","Barrio":"01-04 JUSTICIA","Calle":"CARLOS CAMBRONERO, PLAZA, DE","Nº Finca":2,"Tipo de Reserva":"BiciMAD","Número de Plazas":24,"LONGITUD":"-3.70418590638544","LATITUD":"40.423167599299","DIRECCION":" PLAZA DE CARLOS CAMBRONERO, 2"}
{"Número":18,"Gis_X":440653.13,"Gis_Y":4474711.92,"Fecha de Alta":41813,"Distrito":"01  CENTRO","Barrio":"01-04 JUSTICIA","Calle":"PEDRO ZEROLO, PLAZA, DE","Nº Finca":1,"Tipo de Reserva":"BiciMAD","Número de Plazas":24,"LONGITUD":"-3.69956787320867","LATITUD":"40.4209207635836","DIRECCION":" PLAZA DE PEDRO ZEROLO, 1"}
{"Número":19,"Gis_X":441008.01,"Gis_Y":4474818.09,"Fecha de Alta":41813,"Distrito":"01  CENTRO","Barrio":"01-04 JUSTICIA","Calle":"PRIM, CALLE, DE","Nº Finca":4,"Tipo de Reserva":"BiciMAD","Número de Plazas":24,"LONGITUD":"-3.69539476751156","LATITUD":"40.421902428886","DIRECCION":" CALLE DE PRIM, 4"}
{"Número":20,"Gis_X":441021.37,"Gis_Y":4474517.89,"Fecha de Alta":41813,"Distrito":"01  CENTRO","Barrio":"01-04 JUSTICIA","Calle":"ALCALA, CALLE, DE","Nº Finca":49,"Tipo de Reserva":"BiciMAD","Número de Plazas":24,"LONGITUD":"-3.69520945131572","LATITUD":"40.4191990297868","DIRECCION":" CALLE DE ALCALA, 49"}
{"Número":22,"Gis_X":440064.4,"Gis_Y":4474630.53,"Fecha de Alta":41813,"Distrito":"01  CENTRO","Barrio":"01-01 PALACIO","Calle":"JACOMETREZO, CALLE, DE","Nº Finca":1,"Tipo de Reserva":"BiciMAD","Número de Plazas":24,"LONGITUD":"-3.7064995247826","LATITUD":"40.4201453675747","DIRECCION":" CALLE DE JACOMETREZO, 1"}
{"Número":23,"Gis_X":439912.56,"Gis_Y":4474639.35,"Fecha de Alta":41813,"Distrito":"01  CENTRO","Barrio":"01-01 PALACIO","Calle":"SANTO DOMINGO, CUESTA, DE","Nº Finca":"S/N","Tipo de Reserva":"BiciMAD","Número de Plazas":24,"LONGITUD":"-3.70829006444","LATITUD":"40.4202138717013","DIRECCION":" CUESTA DE SANTO DOMINGO, S/N"}
{"Número":24,"Gis_X":439715.67,"Gis_Y":4474384.75,"Fecha de Alta":41813,"Distrito":"01  CENTRO","Barrio":"01-06 SOL","Calle":"CARLOS III, CALLE, DE","Nº Finca":1,"Tipo de Reserva":"BiciMAD","Número de Plazas":24,"LONGITUD":"-3.71058663483692","LATITUD":"40.4179060785629","DIRECCION":" CALLE DE CARLOS III, 1"}
{"Número":25,"Gis_X":440104.48,"Gis_Y":4474318.99,"Fecha de Alta":41813,"Distrito":"01  CENTRO","Barrio":"01-06 SOL","Calle":"CELENQUE, PLAZA, DEL","Nº Finca":1,"Tipo de Reserva":"BiciMAD","Número de Plazas":24,"LONGITUD":"-3.70599777175515","LATITUD":"40.4173417566918","DIRECCION":" PLAZA DEL CELENQUE, 1"}
{"Número":26,"Gis_X":441081.06,"Gis_Y":4475031.74,"Fecha de Alta":41813,"Distrito":"01  CENTRO","Barrio":"01-03 CORTES","Calle":"SALESAS, PLAZA, DE LAS","Nº Finca":8,"Tipo de Reserva":"BiciMAD","Número de Plazas":24,"LONGITUD":"-3.69455351350154","LATITUD":"40.4238322663594","DIRECCION":" PLAZA DE LAS SALESAS, 8"}
{"Número":27,"Gis_X":440984.74,"Gis_Y":4473861.49,"Fecha de Alta":41813,"Distrito":"01  CENTRO","Barrio":"01-03 CORTES","Calle":"JESUS, CALLE, DE","Nº Finca":6,"Tipo de Reserva":"BiciMAD","Número de Plazas":27,"LONGITUD":"-3.69558029823837","LATITUD":"40.4132832615549","DIRECCION":" CALLE DE JESUS, 6"}
{"Número":29,"Gis_X":440968.62,"Gis_Y":4474190.29,"Fecha de Alta":41813,"Distrito":"01  CENTRO","Barrio":"01-01 PALACIO","Calle":"MARQUES DE CUBAS, CALLE, DEL","Nº Finca":25,"Tipo de Reserva":"BiciMAD","Número de Plazas":24,"LONGITUD":"-3.69580079339477","LATITUD":"40.416244109804","DIRECCION":" CALLE DEL MARQUES DE CUBAS, 25"}
{"Número":30,"Gis_X":439635.83,"Gis_Y":4474544.08,"Fecha de Alta":41813,"Distrito":"01  CENTRO","Barrio":"01-06 SOL","Calle":"PAVIA, CALLE, DE","Nº Finca":6,"Tipo de Reserva":"BiciMAD","Número de Plazas":27,"LONGITUD":"-3.7115427820078","LATITUD":"40.4193356079088","DIRECCION":" CALLE DE PAVIA, 6"}
{"Número":31,"Gis_X":440050.38,"Gis_Y":4474208.74,"Fecha de Alta":41813,"Distrito":"01  CENTRO","Barrio":"01-06 SOL","Calle":"MAYOR, CALLE","Nº Finca":18,"Tipo de Reserva":"BiciMAD","Número de Plazas":27,"LONGITUD":"-3.70662502003271","LATITUD":"40.4163446779356","DIRECCION":" CALLE DE MAYOR, 18"}
{"Número":32,"Gis_X":440090.59,"Gis_Y":4474042.64,"Fecha de Alta":41813,"Distrito":"01  CENTRO","Barrio":"01-06 SOL","Calle":"PROVINCIA, PLAZA, DE LA","Nº Finca":1,"Tipo de Reserva":"BiciMAD","Número de Plazas":18,"LONGITUD":"-3.70613545658834","LATITUD":"40.4148512668813","DIRECCION":" PLAZA DE LA PROVINCIA, 1"}
{"Número":33,"Gis_X":440340.26,"Gis_Y":4474220.99,"Fecha de Alta":43515,"Distrito":"01  CENTRO","Barrio":"01-03 CORTES","Calle":"CARRETAS, CALLE, DE LAS","Nº Finca":3,"Tipo de Reserva":"BiciMAD","Número de Plazas":21,"LONGITUD":"-3.70320960362807","LATITUD":"40.4164758625998","DIRECCION":" CALLE DE LAS CARRETAS, 3"}
{"Número":34,"Gis_X":440313.43,"Gis_Y":4473992.08,"Fecha de Alta":41813,"Distrito":"01  CENTRO","Barrio":"01-01 PALACIO","Calle":"JACINTO BENAVENTE, PLAZA, DE","Nº Finca":"S/N","Tipo de Reserva":"BiciMAD","Número de Plazas":24,"LONGITUD":"-3.70350434823083","LATITUD":"40.4144118091127","DIRECCION":" PLAZA DE JACINTO BENAVENTE, S/N"}
{"Número":35,"Gis_X":439730.93,"Gis_Y":4473970.93,"Fecha de Alta":41813,"Distrito":"01  CENTRO","Barrio":"01-01 PALACIO","Calle":"CORDON, CALLE, DEL","Nº Finca":4,"Tipo de Reserva":"BiciMAD","Número de Plazas":24,"LONGITUD":"-3.71036756657918","LATITUD":"40.4141793032129","DIRECCION":" CALLE DEL CORDON, 4"}
{"Número":36,"Gis_X":439626.96,"Gis_Y":4474272.13,"Fecha de Alta":41813,"Distrito":"01  CENTRO","Barrio":"01-01 PALACIO","Calle":"RAMALES, PLAZA, DE","Nº Finca":1,"Tipo de Reserva":"BiciMAD","Número de Plazas":24,"LONGITUD":"-3.71162151613913","LATITUD":"40.4168851154485","DIRECCION":" PLAZA DE RAMALES, 1"}
{"Número":37,"Gis_X":439409.3,"Gis_Y":4473605.14,"Fecha de Alta":41813,"Distrito":"01  CENTRO","Barrio":"01-01 PALACIO","Calle":"SAN FRANCISCO, PLAZA, DE","Nº Finca":5,"Tipo de Reserva":"BiciMAD","Número de Plazas":24,"LONGITUD":"-3.7141233769735","LATITUD":"40.4108607472815","DIRECCION":" PLAZA DE SAN FRANCISCO, 5"}
{"Número":38,"Gis_X":439637,"Gis_Y":4473651.64,"Fecha de Alta":41813,"Distrito":"01  CENTRO","Barrio":"01-01 PALACIO","Calle":"SAN FRANCISCO, CARRERA, DE","Nº Finca":1,"Tipo de Reserva":"BiciMAD","Número de Plazas":24,"LONGITUD":"-3.71144430760326","LATITUD":"40.4112961842108","DIRECCION":" CARRERA DE SAN FRANCISCO, 1"}
{"Número":39,"Gis_X":439844,"Gis_Y":4473646.66,"Fecha de Alta":41813,"Distrito":"01  CENTRO","Barrio":"01-02 EMBAJADORES","Calle":"CEBADA, PLAZA, DE LA","Nº Finca":16,"Tipo de Reserva":"BiciMAD","Número de Plazas":27,"LONGITUD":"-3.70900429167601","LATITUD":"40.411266307582","DIRECCION":" PLAZA DE LA CEBADA, 16"}
{"Número":40,"Gis_X":440207.51,"Gis_Y":4473923.52,"Fecha de Alta":41813,"Distrito":"01  CENTRO","Barrio":"01-02 EMBAJADORES","Calle":"CONDE DE ROMANONES, CALLE, DEL","Nº Finca":2,"Tipo de Reserva":"BiciMAD","Número de Plazas":24,"LONGITUD":"-3.70474625625613","LATITUD":"40.4137865855426","DIRECCION":" CALLE DEL CONDE DE ROMANONES, 2"}
{"Número":41,"Gis_X":440694.54,"Gis_Y":4473746.65,"Fecha de Alta":43480,"Distrito":"01  CENTRO","Barrio":"01-02 EMBAJADORES","Calle":"ATOCHA, CALLE, DE","Nº Finca":56,"Tipo de Reserva":"BiciMAD","Número de Plazas":18,"LONGITUD":"-3.69898977972563","LATITUD":"40.4122280999799","DIRECCION":" CALLE DE ATOCHA, 56"}
{"Número":42,"Gis_X":440759.67,"Gis_Y":4473581.4,"Fecha de Alta":41813,"Distrito":"01  CENTRO","Barrio":"01-02 EMBAJADORES","Calle":"SANTA ISABEL, CALLE, DE","Nº Finca":32,"Tipo de Reserva":"BiciMAD","Número de Plazas":24,"LONGITUD":"-3.69820680839403","LATITUD":"40.410744084974","DIRECCION":" CALLE DE SANTA ISABEL, 32"}
{"Número":43,"Gis_X":440391.04,"Gis_Y":4473511.6,"Fecha de Alta":41813,"Distrito":"01  CENTRO","Barrio":"01-02 EMBAJADORES","Calle":"LAVAPIES, CALLE, DE","Nº Finca":36,"Tipo de Reserva":"BiciMAD","Número de Plazas":24,"LONGITUD":"-3.70254463551107","LATITUD":"40.4100889764799","DIRECCION":" CALLE DE LAVAPIES, 36"}
{"Número":44,"Gis_X":440274.63,"Gis_Y":4473482.26,"Fecha de Alta":41813,"Distrito":"01  CENTRO","Barrio":"01-02 EMBAJADORES","Calle":"MESON DE PAREDES, CALLE, DEL","Nº Finca":35,"Tipo de Reserva":"BiciMAD","Número de Plazas":21,"LONGITUD":"-3.70391377891051","LATITUD":"40.4098163234441","DIRECCION":" CALLE DEL MESON DE PAREDES, 35"}
{"Número":45,"Gis_X":439659.26,"Gis_Y":4473169.54,"Fecha de Alta":41813,"Distrito":"01  CENTRO","Barrio":"02-02 ACACIAS","Calle":"PUERTA DE TOLEDO, GLORIETA, DE LA","Nº Finca":1,"Tipo de Reserva":"BiciMAD","Número de Plazas":21,"LONGITUD":"-3.7111362525665","LATITUD":"40.4069548154271","DIRECCION":" GLORIETA DE LA PUERTA DE TOLEDO, 1"}
{"Número":46,"Gis_X":439997.73,"Gis_Y":4473006.31,"Fecha de Alta":41813,"Distrito":"02  ARGANZUELA","Barrio":"02-02 ACACIAS","Calle":"RIBERA DE CURTIDORES, CALLE, DE LA","Nº Finca":28,"Tipo de Reserva":"BiciMAD","Número de Plazas":24,"LONGITUD":"-3.70713216739199","LATITUD":"40.405508824749","DIRECCION":" CALLE DE LA RIBERA DE CURTIDORES, 28"}
{"Número":47,"Gis_X":440368.37,"Gis_Y":4472905.07,"Fecha de Alta":41813,"Distrito":"02  ARGANZUELA","Barrio":"01-02 EMBAJADORES","Calle":"EMBAJADORES, GLORIETA, DE","Nº Finca":"7 B","Tipo de Reserva":"BiciMAD","Número de Plazas":24,"LONGITUD":"-3.70275496863513","LATITUD":"40.4046234347301","DIRECCION":" GLORIETA DE EMBAJADORES, 7 B"}
{"Número":48,"Gis_X":440424.7,"Gis_Y":4472996.09,"Fecha de Alta":41813,"Distrito":"01  CENTRO","Barrio":"01-02 EMBAJADORES","Calle":"EMBAJADORES, GLORIETA, DE","Nº Finca":2,"Tipo de Reserva":"BiciMAD","Número de Plazas":24,"LONGITUD":"-3.70209969029089","LATITUD":"40.4054474203451","DIRECCION":" GLORIETA DE EMBAJADORES, 2"}
{"Número":49,"Gis_X":440667.66,"Gis_Y":4473061.04,"Fecha de Alta":41813,"Distrito":"01  CENTRO","Barrio":"01-02 EMBAJADORES","Calle":"ATOCHA, RONDA, DE","Nº Finca":36,"Tipo de Reserva":"BiciMAD","Número de Plazas":24,"LONGITUD":"-3.69924264482009","LATITUD":"40.406049872348","DIRECCION":" RONDA DE ATOCHA, 36"}
{"Número":50,"Gis_X":441180.67,"Gis_Y":4473307.92,"Fecha de Alta":41813,"Distrito":"01  CENTRO","Barrio":"01-02 EMBAJADORES","Calle":"SANTA ISABEL, CALLE, DE","Nº Finca":57,"Tipo de Reserva":"BiciMAD","Número de Plazas":24,"LONGITUD":"-3.69321996635869","LATITUD":"40.4083102950552","DIRECCION":" CALLE DE SANTA ISABEL, 57"}
{"Número":51,"Gis_X":441148.47,"Gis_Y":4473243.04,"Fecha de Alta":41813,"Distrito":"01  CENTRO","Barrio":"01-03 CORTES","Calle":"EMPERADOR CARLOS V, PLAZA, DEL","Nº Finca":7,"Tipo de Reserva":"BiciMAD","Número de Plazas":27,"LONGITUD":"-3.69359343554837","LATITUD":"40.4077235475341","DIRECCION":" PLAZA DEL EMPERADOR CARLOS V, 7"}
{"Número":52,"Gis_X":440544.34,"Gis_Y":4474002.06,"Fecha de Alta":41813,"Distrito":"01  CENTRO","Barrio":"01-02 EMBAJADORES","Calle":"SANTA ANA, PLAZA, DE","Nº Finca":9,"Tipo de Reserva":"BiciMAD","Número de Plazas":24,"LONGITUD":"-3.70078382045651","LATITUD":"40.414518241093","DIRECCION":" PLAZA DE SANTA ANA, 9"}
{"Número":53,"Gis_X":440543.46,"Gis_Y":4473309.62,"Fecha de Alta":41813,"Distrito":"01  CENTRO","Barrio":"01-04 JUSTICIA","Calle":"VALENCIA, CALLE, DE","Nº Finca":4,"Tipo de Reserva":"BiciMAD","Número de Plazas":24,"LONGITUD":"-3.70072948537524","LATITUD":"40.4082803426672","DIRECCION":" CALLE DE VALENCIA, 4"}
{"Número":54,"Gis_X":440592.35,"Gis_Y":4475345.44,"Fecha de Alta":41813,"Distrito":"01  CENTRO","Barrio":"01-05 UNIVERSIDAD","Calle":"BARCELO, CALLE, DE","Nº Finca":7,"Tipo de Reserva":"BiciMAD","Número de Plazas":21,"LONGITUD":"-3.70034347247019","LATITUD":"40.4266234703362","DIRECCION":" CALLE DE BARCELO, 7"}
{"Número":55,"Gis_X":440455.56,"Gis_Y":4475063.26,"Fecha de Alta":41813,"Distrito":"01  CENTRO","Barrio":"01-06 SOL","Calle":"SAN ILDEFONSO, PLAZA, DE","Nº Finca":8,"Tipo de Reserva":"BiciMAD","Número de Plazas":24,"LONGITUD":"-3.70192951808313","LATITUD":"40.4240716834595","DIRECCION":" PLAZA DE SAN ILDEFONSO, 8"}
{"Número":56,"Gis_X":440335.43,"Gis_Y":4474443.96,"Fecha de Alta":41813,"Distrito":"01  CENTRO","Barrio":"01-05 UNIVERSIDAD","Calle":"CARMEN, PLAZA, DEL","Nº Finca":1,"Tipo de Reserva":"BiciMAD","Número de Plazas":24,"LONGITUD":"-3.70328744599149","LATITUD":"40.4184841351057","DIRECCION":" PLAZA DEL CARMEN, 1"}
{"Número":57,"Gis_X":439536.86,"Gis_Y":4475688.34,"Fecha de Alta":41813,"Distrito":"01  CENTRO","Barrio":"01-04 JUSTICIA","Calle":"SANTA CRUZ DE MARCENADO, CALLE, DE","Nº Finca":24,"Tipo de Reserva":"BiciMAD","Número de Plazas":24,"LONGITUD":"-3.71281811499328","LATITUD":"40.4296364220195","DIRECCION":" CALLE DE SANTA CRUZ DE MARCENADO, 24"}
{"Número":58,"Gis_X":440792.31,"Gis_Y":4474859.33,"Fecha de Alta":41813,"Distrito":"01  CENTRO","Barrio":"01-05 UNIVERSIDAD","Calle":"AUGUSTO FIGUEROA, CALLE, DE","Nº Finca":33,"Tipo de Reserva":"BiciMAD","Número de Plazas":24,"LONGITUD":"-3.69794108992409","LATITUD":"40.422258617772","DIRECCION":" CALLE DE AUGUSTO FIGUEROA, 33"}
{"Número":59,"Gis_X":440271.27,"Gis_Y":4475221.1,"Fecha de Alta":41813,"Distrito":"01  CENTRO","Barrio":"03-05 JERÓNIMOS","Calle":"ESPIRITU SANTO, CALLE, DEL","Nº Finca":30,"Tipo de Reserva":"BiciMAD","Número de Plazas":24,"LONGITUD":"-3.70411666125937","LATITUD":"40.4254803689631","DIRECCION":" CALLE DEL ESPIRITU SANTO, 30"}
{"Número":60,"Gis_X":441616.3,"Gis_Y":4474541.2,"Fecha de Alta":41813,"Distrito":"03  RETIRO","Barrio":"03-04 IBIZA","Calle":"INDEPENDENCIA, PLAZA, DE LA","Nº Finca":7,"Tipo de Reserva":"BiciMAD","Número de Plazas":24,"LONGITUD":"-3.68819934757539","LATITUD":"40.4194509708304","DIRECCION":" PLAZA DE LA INDEPENDENCIA, 7"}
{"Número":61,"Gis_X":442720.29,"Gis_Y":4474753.26,"Fecha de Alta":41813,"Distrito":"03  RETIRO","Barrio":"03-04 IBIZA","Calle":"O'DONNELL, CALLE, DE","Nº Finca":30,"Tipo de Reserva":"BiciMAD","Número de Plazas":24,"LONGITUD":"-3.67520600226714","LATITUD":"40.4214380419294","DIRECCION":" CALLE DE O'DONNELL, 30"}
{"Número":62,"Gis_X":443105.21,"Gis_Y":4474725.61,"Fecha de Alta":41813,"Distrito":"03  RETIRO","Barrio":"03-04 IBIZA","Calle":"O'DONNELL, CALLE, DE","Nº Finca":"S/N","Tipo de Reserva":"BiciMAD","Número de Plazas":24,"LONGITUD":"-3.67066643591901","LATITUD":"40.4212153645977","DIRECCION":" CALLE DE O'DONNELL, S/N"}
{"Número":63,"Gis_X":443101.23,"Gis_Y":4474356.23,"Fecha de Alta":41813,"Distrito":"03  RETIRO","Barrio":"03-05 JERÓNIMOS","Calle":"IBIZA, CALLE, DE","Nº Finca":64,"Tipo de Reserva":"BiciMAD","Número de Plazas":24,"LONGITUD":"-3.67068030225406","LATITUD":"40.4178875219131","DIRECCION":" CALLE DE IBIZA, 64"}
{"Número":65,"Gis_X":441513.54,"Gis_Y":4474236.11,"Fecha de Alta":41813,"Distrito":"03  RETIRO","Barrio":"01-03 CORTES","Calle":"ANTONIO MAURA, CALLE, DE","Nº Finca":15,"Tipo de Reserva":"BiciMAD","Número de Plazas":24,"LONGITUD":"-3.68938249653548","LATITUD":"40.4166953525516","DIRECCION":" CALLE DE ANTONIO MAURA, 15"}
{"Número":67,"Gis_X":441190.08,"Gis_Y":4473587.45,"Fecha de Alta":41813,"Distrito":"01  CENTRO","Barrio":"03-05 JERÓNIMOS","Calle":"ALMADEN, CALLE, DE","Nº Finca":28,"Tipo de Reserva":"BiciMAD","Número de Plazas":24,"LONGITUD":"-3.69313490661266","LATITUD":"40.4108291066682","DIRECCION":" CALLE DE ALMADEN, 28"}
{"Número":68,"Gis_X":441358.92,"Gis_Y":4473802.81,"Fecha de Alta":41813,"Distrito":"03  RETIRO","Barrio":"03-05 JERÓNIMOS","Calle":"ESPALTER, CALLE, DE","Nº Finca":1,"Tipo de Reserva":"BiciMAD","Número de Plazas":21,"LONGITUD":"-3.69116494166326","LATITUD":"40.4127810895463","DIRECCION":" CALLE DE ESPALTER, 1"}
{"Número":69,"Gis_X":441551.54,"Gis_Y":4473499.36,"Fecha de Alta":41813,"Distrito":"03  RETIRO","Barrio":"03-05 JERÓNIMOS","Calle":"ALFONSO XII, CALLE, DE","Nº Finca":54,"Tipo de Reserva":"BiciMAD","Número de Plazas":27,"LONGITUD":"-3.68886693283177","LATITUD":"40.4100610062565","DIRECCION":" CALLE DE ALFONSO XII, 54"}
{"Número":70,"Gis_X":442496.79,"Gis_Y":4474058.47,"Fecha de Alta":41813,"Distrito":"03  RETIRO","Barrio":"03-06 NIÑO JESÚS","Calle":"MENENDEZ PELAYO, AVENIDA, DE","Nº Finca":"S/N","Tipo de Reserva":"BiciMAD","Número de Plazas":24,"LONGITUD":"-3.67777760257354","LATITUD":"40.4151635981912","DIRECCION":" AVENIDA DE MENENDEZ PELAYO, S/N"}
{"Número":71,"Gis_X":442816.22,"Gis_Y":4474149.49,"Fecha de Alta":41813,"Distrito":"03  RETIRO","Barrio":"03-06 NIÑO JESÚS","Calle":"DOCE DE OCTUBRE, CALLE, DEL","Nº Finca":28,"Tipo de Reserva":"BiciMAD","Número de Plazas":24,"LONGITUD":"-3.67402098183605","LATITUD":"40.4160055633576","DIRECCION":" CALLE DEL DOCE DE OCTUBRE, 28"}
{"Número":72,"Gis_X":443189.11,"Gis_Y":4474115.08,"Fecha de Alta":41813,"Distrito":"03  RETIRO","Barrio":"03-03 ESTRELLA","Calle":"DOCTOR ESQUERDO, CALLE, DEL","Nº Finca":62,"Tipo de Reserva":"BiciMAD","Número de Plazas":24,"LONGITUD":"-3.66962296749408","LATITUD":"40.415721117511","DIRECCION":" CALLE DEL DOCTOR ESQUERDO, 62"}
{"Número":73,"Gis_X":443229.99,"Gis_Y":4473642.11,"Fecha de Alta":41813,"Distrito":"03  RETIRO","Barrio":"03-05 JERÓNIMOS","Calle":"ASTROS, PLAZA, DE LOS","Nº Finca":"S/N","Tipo de Reserva":"BiciMAD","Número de Plazas":24,"LONGITUD":"-3.66909894571725","LATITUD":"40.4114631371817","DIRECCION":" PLAZA DE LOS ASTROS, S/N"}
{"Número":74,"Gis_X":442595.78,"Gis_Y":4473679.92,"Fecha de Alta":41813,"Distrito":"03  RETIRO","Barrio":"03-05 JERÓNIMOS","Calle":"MENENDEZ PELAYO, AVENIDA, DE","Nº Finca":"S/N","Tipo de Reserva":"BiciMAD","Número de Plazas":27,"LONGITUD":"-3.67657674958728","LATITUD":"40.411760253523","DIRECCION":" AVENIDA DE MENENDEZ PELAYO, S/N"}
{"Número":75,"Gis_X":442436.91,"Gis_Y":4473301.34,"Fecha de Alta":41813,"Distrito":"03  RETIRO","Barrio":"03-06 NIÑO JESÚS","Calle":"MENENDEZ PELAYO, AVENIDA, DE","Nº Finca":"S/N","Tipo de Reserva":"BiciMAD","Número de Plazas":27,"LONGITUD":"-3.67841484808581","LATITUD":"40.4083388326929","DIRECCION":" AVENIDA DE MENENDEZ PELAYO, S/N"}
{"Número":76,"Gis_X":442712.67,"Gis_Y":4473182.27,"Fecha de Alta":41813,"Distrito":"03  RETIRO","Barrio":"03-01 PACÍFICO","Calle":"MEDITERRANEO, AVENIDA, DEL","Nº Finca":19,"Tipo de Reserva":"BiciMAD","Número de Plazas":24,"LONGITUD":"-3.67515434999313","LATITUD":"40.4072852083776","DIRECCION":" AVENIDA DEL MEDITERRANEO, 19"}
{"Número":77,"Gis_X":443083.53,"Gis_Y":4473073.95,"Fecha de Alta":41813,"Distrito":"03  RETIRO","Barrio":"03-02 ADELFAS","Calle":"CONDE DE CASAL, PLAZA, DEL","Nº Finca":8,"Tipo de Reserva":"BiciMAD","Número de Plazas":22,"LONGITUD":"-3.6707742123271","LATITUD":"40.4063348400326","DIRECCION":" PLAZA DEL CONDE DE CASAL, 8"}
{"Número":78,"Gis_X":442755.86,"Gis_Y":4472436.57,"Fecha de Alta":41813,"Distrito":"03  RETIRO","Barrio":"03-01 PACÍFICO","Calle":"CERRO DE LA PLATA, CALLE, DEL","Nº Finca":2,"Tipo de Reserva":"BiciMAD","Número de Plazas":24,"LONGITUD":"-3.67457830616019","LATITUD":"40.4005705062457","DIRECCION":" CALLE DEL CERRO DE LA PLATA, 2"}
{"Número":79,"Gis_X":442252.73,"Gis_Y":4472937.49,"Fecha de Alta":41813,"Distrito":"03  RETIRO","Barrio":"03-05 JERÓNIMOS","Calle":"MENENDEZ PELAYO, AVENIDA, DE","Nº Finca":38,"Tipo de Reserva":"BiciMAD","Número de Plazas":24,"LONGITUD":"-3.68055235706881","LATITUD":"40.4050483227132","DIRECCION":" AVENIDA DE MENENDEZ PELAYO, 38"}
{"Número":80,"Gis_X":441417.53,"Gis_Y":4473211.23,"Fecha de Alta":41813,"Distrito":"03  RETIRO","Barrio":"03-05 JERÓNIMOS","Calle":"CIUDAD DE BARCELONA, AVENIDA, DE LA","Nº Finca":"S/N","Tipo de Reserva":"BiciMAD","Número de Plazas":24,"LONGITUD":"-3.69041972525415","LATITUD":"40.4074559641662","DIRECCION":" AVENIDA DE LA CIUDAD DE BARCELONA, S/N"}
{"Número":81,"Gis_X":441288.14,"Gis_Y":4473447.57,"Fecha de Alta":41813,"Distrito":"03  RETIRO","Barrio":"03-03 ESTRELLA","Calle":"CLAUDIO MOYANO, CALLE, DE","Nº Finca":"S/N","Tipo de Reserva":"BiciMAD","Número de Plazas":24,"LONGITUD":"-3.69196634254972","LATITUD":"40.40957591943","DIRECCION":" CALLE DE CLAUDIO MOYANO, S/N"}
{"Número":82,"Gis_X":443177.93,"Gis_Y":4473311.29,"Fecha de Alta":41813,"Distrito":"03  RETIRO","Barrio":"03-06 NIÑO JESÚS","Calle":"LIRA, CALLE, DE LA","Nº Finca":2,"Tipo de Reserva":"BiciMAD","Número de Plazas":24,"LONGITUD":"-3.66968294973037","LATITUD":"40.4084793777221","DIRECCION":" CALLE DE LA LIRA, 2"}
{"Número":83,"Gis_X":442770.38,"Gis_Y":4473844.96,"Fecha de Alta":41813,"Distrito":"03  RETIRO","Barrio":"03-02 ADELFAS","Calle":"PIO BAROJA, CALLE, DE","Nº Finca":"8 B","Tipo de Reserva":"BiciMAD","Número de Plazas":24,"LONGITUD":"-3.67453386290371","LATITUD":"40.4132590448197","DIRECCION":" CALLE DE PIO BAROJA, 8 B"}
{"Número":84,"Gis_X":442918.27,"Gis_Y":4472746.05,"Fecha de Alta":41813,"Distrito":"03  RETIRO","Barrio":"03-05 JERÓNIMOS","Calle":"DOCTOR ESQUERDO, CALLE, DEL","Nº Finca":191,"Tipo de Reserva":"BiciMAD","Número de Plazas":27,"LONGITUD":"-3.67269230594786","LATITUD":"40.4033696223995","DIRECCION":" CALLE DEL DOCTOR ESQUERDO, 191"}
{"Número":85,"Gis_X":442319.29,"Gis_Y":4474723.43,"Fecha de Alta":41813,"Distrito":"03  RETIRO","Barrio":"01-03 CORTES","Calle":"MENENDEZ PELAYO, AVENIDA, DE","Nº Finca":"S/N","Tipo de Reserva":"BiciMAD","Número de Plazas":27,"LONGITUD":"-3.67992991951846","LATITUD":"40.4211416171173","DIRECCION":" AVENIDA DE MENENDEZ PELAYO, S/N"}
{"Número":86,"Gis_X":441180.29,"Gis_Y":4474447.71,"Fecha de Alta":41904,"Distrito":"01  CENTRO","Barrio":"04-01 RECOLETOS","Calle":"PRADO, PASEO, DEL","Nº Finca":"S/N","Tipo de Reserva":"BiciMAD","Número de Plazas":21,"LONGITUD":"-3.69332982484834","LATITUD":"40.4185780623785","DIRECCION":" PASEO DEL PRADO, S/N"}
{"Número":87,"Gis_X":442016.68,"Gis_Y":4475450.66,"Fecha de Alta":41813,"Distrito":"04  SALAMANCA","Barrio":"04-06 CASTELLANA","Calle":"AYALA, CALLE, DE","Nº Finca":44,"Tipo de Reserva":"BiciMAD","Número de Plazas":24,"LONGITUD":"-3.68356310915291","LATITUD":"40.427671835026","DIRECCION":" CALLE DE AYALA, 44"}
{"Número":88,"Gis_X":442004.11,"Gis_Y":4475843.28,"Fecha de Alta":41813,"Distrito":"04  SALAMANCA","Barrio":"04-02 GOYA","Calle":"VELAZQUEZ, CALLE, DE","Nº Finca":73,"Tipo de Reserva":"BiciMAD","Número de Plazas":24,"LONGITUD":"-3.68374710672573","LATITUD":"40.4312078719674","DIRECCION":" CALLE DE VELAZQUEZ, 73"}
{"Número":89,"Gis_X":442728.15,"Gis_Y":4475399.8,"Fecha de Alta":41813,"Distrito":"04  SALAMANCA","Barrio":"04-01 RECOLETOS","Calle":"AYALA, CALLE, DE","Nº Finca":102,"Tipo de Reserva":"BiciMAD","Número de Plazas":24,"LONGITUD":"-3.67517159096345","LATITUD":"40.4272629473061","DIRECCION":" CALLE DE AYALA, 102"}
{"Número":90,"Gis_X":442000.33,"Gis_Y":4475163.96,"Fecha de Alta":41813,"Distrito":"04  SALAMANCA","Barrio":"04-01 RECOLETOS","Calle":"GOYA, CALLE, DE","Nº Finca":18,"Tipo de Reserva":"BiciMAD","Número de Plazas":24,"LONGITUD":"-3.6837296911372","LATITUD":"40.4250879599628","DIRECCION":" CALLE DE GOYA, 18"}
{"Número":91,"Gis_X":442417.66,"Gis_Y":4475274.35,"Fecha de Alta":41813,"Distrito":"04  SALAMANCA","Barrio":"04-01 RECOLETOS","Calle":"HERMOSILLA, CALLE, DE","Nº Finca":73,"Tipo de Reserva":"BiciMAD","Número de Plazas":24,"LONGITUD":"-3.67882031853471","LATITUD":"40.4261113974623","DIRECCION":" CALLE DE HERMOSILLA, 73"}
{"Número":92,"Gis_X":441767.83,"Gis_Y":4475291.85,"Fecha de Alta":41813,"Distrito":"04  SALAMANCA","Barrio":"04-01 RECOLETOS","Calle":"CLAUDIO COELLO, CALLE, DE","Nº Finca":45,"Tipo de Reserva":"BiciMAD","Número de Plazas":24,"LONGITUD":"-3.68648204673692","LATITUD":"40.4262238150408","DIRECCION":" CALLE DE CLAUDIO COELLO, 45"}
{"Número":93,"Gis_X":441518.8,"Gis_Y":4475235.48,"Fecha de Alta":41813,"Distrito":"04  SALAMANCA","Barrio":"04-01 RECOLETOS","Calle":"GOYA, CALLE, DE","Nº Finca":3,"Tipo de Reserva":"BiciMAD","Número de Plazas":24,"LONGITUD":"-3.68941240253483","LATITUD":"40.4256985386158","DIRECCION":" CALLE DE GOYA, 3"}
{"Número":94,"Gis_X":441407.18,"Gis_Y":4474977.73,"Fecha de Alta":41813,"Distrito":"04  SALAMANCA","Barrio":"04-01 RECOLETOS","Calle":"RECOLETOS, PASEO, DE","Nº Finca":"S/N","Tipo de Reserva":"BiciMAD","Número de Plazas":21,"LONGITUD":"-3.69070440545647","LATITUD":"40.4233687482493","DIRECCION":" PASEO DE RECOLETOS, S/N"}
{"Número":95,"Gis_X":441721.55,"Gis_Y":4474897,"Fecha de Alta":41813,"Distrito":"04  SALAMANCA","Barrio":"04-01 RECOLETOS","Calle":"CLAUDIO COELLO, CALLE, DE","Nº Finca":19,"Tipo de Reserva":"BiciMAD","Número de Plazas":24,"LONGITUD":"-3.68699140072682","LATITUD":"40.422663571641","DIRECCION":" CALLE DE CLAUDIO COELLO, 19"}
{"Número":96,"Gis_X":442140.46,"Gis_Y":4474825.84,"Fecha de Alta":41813,"Distrito":"04  SALAMANCA","Barrio":"04-02 GOYA","Calle":"ALCALA, CALLE, DE","Nº Finca":111,"Tipo de Reserva":"BiciMAD","Número de Plazas":27,"LONGITUD":"-3.68204711187334","LATITUD":"40.4220517624027","DIRECCION":" CALLE DE ALCALA, 111"}
{"Número":97,"Gis_X":442301.64,"Gis_Y":4474872.66,"Fecha de Alta":41813,"Distrito":"04  SALAMANCA","Barrio":"04-02 GOYA","Calle":"MENENDEZ PELAYO, AVENIDA, DE","Nº Finca":1,"Tipo de Reserva":"BiciMAD","Número de Plazas":27,"LONGITUD":"-3.68015150051669","LATITUD":"40.4224847331076","DIRECCION":" AVENIDA DE MENENDEZ PELAYO, 1"}
{"Número":98,"Gis_X":442705.5,"Gis_Y":4475058.99,"Fecha de Alta":41813,"Distrito":"04  SALAMANCA","Barrio":"04-02 GOYA","Calle":"FELIPE II, AVENIDA, DE","Nº Finca":5,"Tipo de Reserva":"BiciMAD","Número de Plazas":24,"LONGITUD":"-3.67540787998132","LATITUD":"40.4241911971061","DIRECCION":" AVENIDA DE FELIPE II, 5"}
{"Número":99,"Gis_X":442829.62,"Gis_Y":4475270.48,"Fecha de Alta":41813,"Distrito":"04  SALAMANCA","Barrio":"04-02 GOYA","Calle":"ALCANTARA, CALLE, DE","Nº Finca":2,"Tipo de Reserva":"BiciMAD","Número de Plazas":24,"LONGITUD":"-3.6739638219123","LATITUD":"40.4261049458861","DIRECCION":" CALLE DE ALCANTARA, 2"}
{"Número":100,"Gis_X":442835.81,"Gis_Y":4475123.85,"Fecha de Alta":41813,"Distrito":"04  SALAMANCA","Barrio":"04-02 GOYA","Calle":"GOYA, CALLE, DE","Nº Finca":99,"Tipo de Reserva":"BiciMAD","Número de Plazas":24,"LONGITUD":"-3.67387767153137","LATITUD":"40.4247844528007","DIRECCION":" CALLE DE GOYA, 99"}
{"Número":101,"Gis_X":443212.16,"Gis_Y":4474936.49,"Fecha de Alta":41813,"Distrito":"04  SALAMANCA","Barrio":"04-01 RECOLETOS","Calle":"JORGE JUAN, CALLE, DE","Nº Finca":131,"Tipo de Reserva":"BiciMAD","Número de Plazas":24,"LONGITUD":"-3.66942464043484","LATITUD":"40.4231223887943","DIRECCION":" CALLE DE JORGE JUAN, 131"}
{"Número":102,"Gis_X":441967.18,"Gis_Y":4474727.67,"Fecha de Alta":41813,"Distrito":"04  SALAMANCA","Barrio":"04-06 CASTELLANA","Calle":"ALCALA, CALLE, DE","Nº Finca":95,"Tipo de Reserva":"BiciMAD","Número de Plazas":24,"LONGITUD":"-3.68408063656288","LATITUD":"40.4211553304146","DIRECCION":" CALLE DE ALCALA, 95"}
{"Número":103,"Gis_X":441766.91,"Gis_Y":4475752.49,"Fecha de Alta":41813,"Distrito":"04  SALAMANCA","Barrio":"04-01 RECOLETOS","Calle":"JOSE ORTEGA Y GASSET, CALLE, DE","Nº Finca":4,"Tipo de Reserva":"BiciMAD","Número de Plazas":24,"LONGITUD":"-3.68653508715422","LATITUD":"40.4303734196678","DIRECCION":" CALLE DE JOSE ORTEGA Y GASSET, 4"}
{"Número":104,"Gis_X":441505.58,"Gis_Y":4475354.07,"Fecha de Alta":41813,"Distrito":"04  SALAMANCA","Barrio":"04-01 RECOLETOS","Calle":"CASTELLANA, PASEO, DE LA","Nº Finca":4,"Tipo de Reserva":"BiciMAD","Número de Plazas":21,"LONGITUD":"-3.68957914803002","LATITUD":"40.4267659252939","DIRECCION":" PASEO DE LA CASTELLANA, 4"}
{"Número":105,"Gis_X":441684.37,"Gis_Y":4475386.27,"Fecha de Alta":41813,"Distrito":"04  SALAMANCA","Barrio":"04-01 RECOLETOS","Calle":"SERRANO, CALLE, DE","Nº Finca":46,"Tipo de Reserva":"BiciMAD","Número de Plazas":24,"LONGITUD":"-3.68747452577635","LATITUD":"40.4270685503846","DIRECCION":" CALLE DE SERRANO, 46"}
{"Número":106,"Gis_X":441648.47,"Gis_Y":4475149.56,"Fecha de Alta":41813,"Distrito":"04  SALAMANCA","Barrio":"04-01 RECOLETOS","Calle":"SERRANO, CALLE, DE","Nº Finca":32,"Tipo de Reserva":"BiciMAD","Número de Plazas":36,"LONGITUD":"-3.68787599205381","LATITUD":"40.4249336341329","DIRECCION":" CALLE DE SERRANO, 32"}
{"Número":107,"Gis_X":441599.07,"Gis_Y":4474779.37,"Fecha de Alta":41813,"Distrito":"04  SALAMANCA","Barrio":"04-02 GOYA","Calle":"SERRANO, CALLE, DE","Nº Finca":8,"Tipo de Reserva":"BiciMAD","Número de Plazas":24,"LONGITUD":"-3.68842430393819","LATITUD":"40.421595314951","DIRECCION":" CALLE DE SERRANO, 8"}
{"Número":108,"Gis_X":443111.6,"Gis_Y":4475416.83,"Fecha de Alta":41813,"Distrito":"04  SALAMANCA","Barrio":"04-06 CASTELLANA","Calle":"MARTIRES CONCEPCIONISTAS, CALLE, DE LAS","Nº Finca":2,"Tipo de Reserva":"BiciMAD","Número de Plazas":27,"LONGITUD":"-3.6706529593639","LATITUD":"40.4274426720256","DIRECCION":" CALLE DE LAS MARTIRES CONCEPCIONISTAS, 2"}
{"Número":109,"Gis_X":442191.64,"Gis_Y":4475721.98,"Fecha de Alta":41813,"Distrito":"04  SALAMANCA","Barrio":"09-01 CASA DE CAMPO","Calle":"JOSE ORTEGA Y GASSET, CALLE, DE","Nº Finca":32,"Tipo de Reserva":"BiciMAD","Número de Plazas":24,"LONGITUD":"-3.68152532405308","LATITUD":"40.4301281960159","DIRECCION":" CALLE DE JOSE ORTEGA Y GASSET, 32"}
{"Número":110,"Gis_X":438921.15,"Gis_Y":4476262.7,"Fecha de Alta":41813,"Distrito":"09  MONCLOA-ARAVACA","Barrio":"07-01 GAZTAMBIDE","Calle":"MORET, PASEO, DE","Nº Finca":"S/N","Tipo de Reserva":"BiciMAD","Número de Plazas":24,"LONGITUD":"-3.7201315582532","LATITUD":"40.434765514342","DIRECCION":" PASEO DE MORET, S/N"}
{"Número":111,"Gis_X":439144.16,"Gis_Y":4476128.65,"Fecha de Alta":41813,"Distrito":"07  CHAMBERÍ","Barrio":"07-01 GAZTAMBIDE","Calle":"ARCIPRESTE DE HITA, CALLE, DEL","Nº Finca":8,"Tipo de Reserva":"BiciMAD","Número de Plazas":24,"LONGITUD":"-3.71748958673518","LATITUD":"40.433574283716","DIRECCION":" CALLE DEL ARCIPRESTE DE HITA, 8"}
{"Número":112,"Gis_X":438517.07,"Gis_Y":4476028.6,"Fecha de Alta":41813,"Distrito":"09  MONCLOA-ARAVACA","Barrio":"09-01 CASA DE CAMPO","Calle":"MORET, PASEO, DE","Nº Finca":11,"Tipo de Reserva":"BiciMAD","Número de Plazas":24,"LONGITUD":"-3.7248727329732","LATITUD":"40.4326268738933","DIRECCION":" PASEO DE MORET, 11"}
{"Número":113,"Gis_X":438865.35,"Gis_Y":4475484.09,"Fecha de Alta":41813,"Distrito":"09  MONCLOA-ARAVACA","Barrio":"09-02 ARGÜELLES","Calle":"PINTOR ROSALES, PASEO, DEL","Nº Finca":"S/N","Tipo de Reserva":"BiciMAD","Número de Plazas":24,"LONGITUD":"-3.72071451491841","LATITUD":"40.4277473724397","DIRECCION":" PASEO DEL PINTOR ROSALES, S/N"}
{"Número":114,"Gis_X":439145.71,"Gis_Y":4475489.09,"Fecha de Alta":41813,"Distrito":"09  MONCLOA-ARAVACA","Barrio":"09-02 ARGÜELLES","Calle":"QUINTANA, CALLE, DE","Nº Finca":13,"Tipo de Reserva":"BiciMAD","Número de Plazas":24,"LONGITUD":"-3.71741008440839","LATITUD":"40.4278129703577","DIRECCION":" CALLE DE QUINTANA, 13"}
{"Número":115,"Gis_X":439181.48,"Gis_Y":4475218.76,"Fecha de Alta":41813,"Distrito":"09  MONCLOA-ARAVACA","Barrio":"09-02 ARGÜELLES","Calle":"MARQUES DE CERRALBO, PLAZA, DEL","Nº Finca":"S/N","Tipo de Reserva":"BiciMAD","Número de Plazas":24,"LONGITUD":"-3.71696256396068","LATITUD":"40.4253803373323","DIRECCION":" PLAZA DEL MARQUES DE CERRALBO, S/N"}
{"Número":116,"Gis_X":439616.59,"Gis_Y":4475074.01,"Fecha de Alta":41813,"Distrito":"09  MONCLOA-ARAVACA","Barrio":"09-02 ARGÜELLES","Calle":"ESPAÑA, PLAZA, DE","Nº Finca":"S/N","Tipo de Reserva":"BiciMAD","Número de Plazas":24,"LONGITUD":"-3.71181987539916","LATITUD":"40.424108058722","DIRECCION":" PLAZA DE ESPAÑA, S/N"}
{"Número":117,"Gis_X":439020.83,"Gis_Y":4475833.31,"Fecha de Alta":41816,"Distrito":"09  MONCLOA-ARAVACA","Barrio":"02-06 PALOS DE MOGUER","Calle":"ALTAMIRANO, CALLE, DE","Nº Finca":24,"Tipo de Reserva":"BiciMAD","Número de Plazas":24,"LONGITUD":"-3.71891520239093","LATITUD":"40.4309047048652","DIRECCION":" CALLE DE ALTAMIRANO, 24"}
{"Número":118,"Gis_X":441605.27,"Gis_Y":4472470.69,"Fecha de Alta":41813,"Distrito":"02  ARGANZUELA","Barrio":"02-07 ATOCHA","Calle":"JUAN MARTIN EL EMPECINADO, CALLE, DE","Nº Finca":16,"Tipo de Reserva":"BiciMAD","Número de Plazas":24,"LONGITUD":"-3.68813933891374","LATITUD":"40.4007979843124","DIRECCION":" CALLE DE JUAN MARTIN EL EMPECINADO, 16"}
{"Número":119,"Gis_X":441738.36,"Gis_Y":4472542.79,"Fecha de Alta":41813,"Distrito":"02  ARGANZUELA","Barrio":"02-06 PALOS DE MOGUER","Calle":"MENDEZ ALVARO, CALLE, DE","Nº Finca":7,"Tipo de Reserva":"BiciMAD","Número de Plazas":24,"LONGITUD":"-3.68657767589888","LATITUD":"40.4014568219022","DIRECCION":" CALLE DE MENDEZ ALVARO, 7"}
{"Número":120,"Gis_X":441043.78,"Gis_Y":4472723.55,"Fecha de Alta":41813,"Distrito":"02  ARGANZUELA","Barrio":"02-06 PALOS DE MOGUER","Calle":"PALOS DE LA FRONTERA, CALLE, DE","Nº Finca":27,"Tipo de Reserva":"BiciMAD","Número de Plazas":24,"LONGITUD":"-3.69477904941439","LATITUD":"40.4030363111725","DIRECCION":" CALLE DE PALOS DE LA FRONTERA, 27"}
{"Número":121,"Gis_X":440718.1,"Gis_Y":4472592.85,"Fecha de Alta":41813,"Distrito":"02  ARGANZUELA","Barrio":"07-04 ALMAGRO","Calle":"SANTA MARIA DE LA CABEZA, PASEO, DE","Nº Finca":58,"Tipo de Reserva":"BiciMAD","Número de Plazas":24,"LONGITUD":"-3.69860463570582","LATITUD":"40.4018357754166","DIRECCION":" PASEO DE SANTA MARIA DE LA CABEZA, 58"}
{"Número":122,"Gis_X":440941.06,"Gis_Y":4475664.68,"Fecha de Alta":41813,"Distrito":"07  CHAMBERÍ","Barrio":"07-01 GAZTAMBIDE","Calle":"SANTA ENGRACIA, CALLE, DE","Nº Finca":16,"Tipo de Reserva":"BiciMAD","Número de Plazas":24,"LONGITUD":"-3.69626255456183","LATITUD":"40.429524161608","DIRECCION":" CALLE DE SANTA ENGRACIA, 16"}
{"Número":123,"Gis_X":439482.59,"Gis_Y":4475800.04,"Fecha de Alta":41813,"Distrito":"07  CHAMBERÍ","Barrio":"07-03 TRAFALGAR","Calle":"GUZMAN EL BUENO, CALLE, DE","Nº Finca":2,"Tipo de Reserva":"BiciMAD","Número de Plazas":24,"LONGITUD":"-3.71346850755922","LATITUD":"40.4306387173916","DIRECCION":" CALLE DE GUZMAN EL BUENO, 2"}
{"Número":124,"Gis_X":440683.01,"Gis_Y":4475810.28,"Fecha de Alta":42186,"Distrito":"07  CHAMBERÍ","Barrio":"07-04 ALMAGRO","Calle":"MANUEL SILVELA, CALLE, DE","Nº Finca":18,"Tipo de Reserva":"BiciMAD","Número de Plazas":24,"LONGITUD":"-3.69931815131013","LATITUD":"40.4308174323733","DIRECCION":" CALLE DE MANUEL SILVELA, 18"}
{"Número":125,"Gis_X":441066.99,"Gis_Y":4476306.47,"Fecha de Alta":42186,"Distrito":"07  CHAMBERÍ","Barrio":"07-03 TRAFALGAR","Calle":"FERNANDEZ DE LA HOZ, CALLE, DE","Nº Finca":29,"Tipo de Reserva":"BiciMAD","Número de Plazas":24,"LONGITUD":"-3.69483754191921","LATITUD":"40.4353146347735","DIRECCION":" CALLE DE FERNANDEZ DE LA HOZ, 29"}
{"Número":126,"Gis_X":440480.69,"Gis_Y":4476228.15,"Fecha de Alta":42186,"Distrito":"07  CHAMBERÍ","Barrio":"07-02 ARAPILES","Calle":"GENERAL ALVAREZ DE CASTRO, CALLE, DEL","Nº Finca":4,"Tipo de Reserva":"BiciMAD","Número de Plazas":24,"LONGITUD":"-3.70174236698951","LATITUD":"40.4345673412917","DIRECCION":" CALLE DEL GENERAL ALVAREZ DE CASTRO, 4"}
{"Número":127,"Gis_X":439915.53,"Gis_Y":4476159.48,"Fecha de Alta":42186,"Distrito":"07  CHAMBERÍ","Barrio":"07-01 GAZTAMBIDE","Calle":"FERNANDO EL CATOLICO, CALLE, DE","Nº Finca":19,"Tipo de Reserva":"BiciMAD","Número de Plazas":24,"LONGITUD":"-3.7083987224413","LATITUD":"40.4339080954226","DIRECCION":" CALLE DE FERNANDO EL CATOLICO, 19"}
{"Número":128,"Gis_X":439310.29,"Gis_Y":4476734.2,"Fecha de Alta":42186,"Distrito":"07  CHAMBERÍ","Barrio":"07-01 GAZTAMBIDE","Calle":"CEA BERMUDEZ, CALLE, DE","Nº Finca":59,"Tipo de Reserva":"BiciMAD","Número de Plazas":24,"LONGITUD":"-3.71558889392933","LATITUD":"40.4390414696922","DIRECCION":" CALLE DE CEA BERMUDEZ, 59"}
{"Número":129,"Gis_X":440777.46,"Gis_Y":4476658.82,"Fecha de Alta":42186,"Distrito":"07  CHAMBERÍ","Barrio":"07-05 RÍOS ROSAS","Calle":"JOSE ABASCAL, CALLE, DE","Nº Finca":33,"Tipo de Reserva":"BiciMAD","Número de Plazas":24,"LONGITUD":"-3.69828378445489","LATITUD":"40.4384681956916","DIRECCION":" CALLE DE JOSE ABASCAL, 33"}
{"Número":130,"Gis_X":440485.91,"Gis_Y":4477025.58,"Fecha de Alta":42907,"Distrito":"07  CHAMBERÍ","Barrio":"07-05 RÍOS ROSAS","Calle":"SANTA ENGRACIA, CALLE, DE","Nº Finca":129,"Tipo de Reserva":"BiciMAD","Número de Plazas":20,"LONGITUD":"-3.70175551656011","LATITUD":"40.4417513164434","DIRECCION":" CALLE DE SANTA ENGRACIA, 129"}
{"Número":131,"Gis_X":440294.86,"Gis_Y":4477027.67,"Fecha de Alta":42186,"Distrito":"07  CHAMBERÍ","Barrio":"07-05 RÍOS ROSAS","Calle":"BRAVO MURILLO, CALLE, DE","Nº Finca":44,"Tipo de Reserva":"BiciMAD","Número de Plazas":24,"LONGITUD":"-3.7040083023287","LATITUD":"40.4417564477171","DIRECCION":" CALLE DE BRAVO MURILLO, 44"}
{"Número":132,"Gis_X":440334.34,"Gis_Y":4477541.61,"Fecha de Alta":42186,"Distrito":"07  CHAMBERÍ","Barrio":"06-02 CUATRO CAMINOS","Calle":"SANTA ENGRACIA, CALLE, DE","Nº Finca":168,"Tipo de Reserva":"BiciMAD","Número de Plazas":24,"LONGITUD":"-3.70359108458389","LATITUD":"40.4463890735351","DIRECCION":" CALLE DE SANTA ENGRACIA, 168"}
{"Número":133,"Gis_X":440637.08,"Gis_Y":4477625.61,"Fecha de Alta":42186,"Distrito":"06  TETUÁN","Barrio":"07-05 RÍOS ROSAS","Calle":"DULCINEA, CALLE, DE","Nº Finca":3,"Tipo de Reserva":"BiciMAD","Número de Plazas":24,"LONGITUD":"-3.70002920994525","LATITUD":"40.4471674540003","DIRECCION":" CALLE DE DULCINEA, 3"}
{"Número":134,"Gis_X":441017.64,"Gis_Y":4477274.53,"Fecha de Alta":42186,"Distrito":"07  CHAMBERÍ","Barrio":"07-05 RÍOS ROSAS","Calle":"MARIA DE GUZMAN, CALLE, DE","Nº Finca":58,"Tipo de Reserva":"BiciMAD","Número de Plazas":24,"LONGITUD":"-3.69550922065469","LATITUD":"40.4440318577076","DIRECCION":" CALLE DE MARIA DE GUZMAN, 58"}
{"Número":135,"Gis_X":441237.54,"Gis_Y":4476990.04,"Fecha de Alta":42095,"Distrito":"07  CHAMBERÍ","Barrio":"05-01 EL VISO","Calle":"SAN JUAN DE LA CRUZ, PLAZA, DE","Nº Finca":"S/N","Tipo de Reserva":"BiciMAD","Número de Plazas":24,"LONGITUD":"-3.69289006443077","LATITUD":"40.4414846142904","DIRECCION":" PLAZA DE SAN JUAN DE LA CRUZ, S/N"}
{"Número":136,"Gis_X":441417.02,"Gis_Y":4477410.33,"Fecha de Alta":42186,"Distrito":"05  CHAMARTÍN","Barrio":"05-01 EL VISO","Calle":"CASTELLANA, PASEO, DE LA","Nº Finca":106,"Tipo de Reserva":"BiciMAD","Número de Plazas":24,"LONGITUD":"-3.6908126550195","LATITUD":"40.4452834421432","DIRECCION":" PASEO DE LA CASTELLANA, 106"}
{"Número":137,"Gis_X":441885.33,"Gis_Y":4477430.27,"Fecha de Alta":42186,"Distrito":"05  CHAMARTÍN","Barrio":"07-05 RÍOS ROSAS","Calle":"REPUBLICA ARGENTINA, PLAZA, DE LA","Nº Finca":6,"Tipo de Reserva":"BiciMAD","Número de Plazas":24,"LONGITUD":"-3.68529252692868","LATITUD":"40.445495937995","DIRECCION":" PLAZA DE LA REPUBLICA ARGENTINA, 6"}
{"Número":138,"Gis_X":441352.15,"Gis_Y":4477455.81,"Fecha de Alta":42186,"Distrito":"07  CHAMBERÍ","Barrio":"05-01 EL VISO","Calle":"CASTELLANA, PASEO, DE LA","Nº Finca":"S/N","Tipo de Reserva":"BiciMAD","Número de Plazas":24,"LONGITUD":"-3.69158175095202","LATITUD":"40.4456885729012","DIRECCION":" PASEO DE LA CASTELLANA, S/N"}
{"Número":139,"Gis_X":441442.67,"Gis_Y":4476752.13,"Fecha de Alta":42186,"Distrito":"05  CHAMARTÍN","Barrio":"05-01 EL VISO","Calle":"JOSE GUTIERREZ ABASCAL, CALLE, DE","Nº Finca":"S/N","Tipo de Reserva":"BiciMAD","Número de Plazas":24,"LONGITUD":"-3.69044953938139","LATITUD":"40.439355882988","DIRECCION":" CALLE DE JOSE GUTIERREZ ABASCAL, S/N"}
{"Número":140,"Gis_X":442081.57,"Gis_Y":4476664.17,"Fecha de Alta":42186,"Distrito":"05  CHAMARTÍN","Barrio":"07-04 ALMAGRO","Calle":"VELAZQUEZ, CALLE, DE","Nº Finca":134,"Tipo de Reserva":"BiciMAD","Número de Plazas":24,"LONGITUD":"-3.68290876118","LATITUD":"40.4386082424132","DIRECCION":" CALLE DE VELAZQUEZ, 134"}
{"Número":141,"Gis_X":441537.59,"Gis_Y":4476315.08,"Fecha de Alta":42186,"Distrito":"07  CHAMBERÍ","Barrio":"04-06 CASTELLANA","Calle":"CASTELLANA, PASEO, DE LA","Nº Finca":43,"Tipo de Reserva":"BiciMAD","Número de Plazas":12,"LONGITUD":"-3.68929020384494","LATITUD":"40.435425411384","DIRECCION":" PASEO DE LA CASTELLANA, 43"}
{"Número":142,"Gis_X":441641.97,"Gis_Y":4476103.45,"Fecha de Alta":42186,"Distrito":"04  SALAMANCA","Barrio":"04-05 LISTA","Calle":"CASTELLANA, PASEO, DE LA","Nº Finca":"S/N","Tipo de Reserva":"BiciMAD","Número de Plazas":24,"LONGITUD":"-3.68804018172874","LATITUD":"40.4335262789424","DIRECCION":" PASEO DE LA CASTELLANA, S/N"}
{"Número":143,"Gis_X":442474.52,"Gis_Y":4476217.99,"Fecha de Alta":42186,"Distrito":"04  SALAMANCA","Barrio":"04-05 LISTA","Calle":"DIEGO DE LEON, CALLE, DE","Nº Finca":54,"Tipo de Reserva":"BiciMAD","Número de Plazas":24,"LONGITUD":"-3.67823545607341","LATITUD":"40.434616110503","DIRECCION":" CALLE DE DIEGO DE LEON, 54"}
{"Número":144,"Gis_X":442707.74,"Gis_Y":4475961.24,"Fecha de Alta":42175,"Distrito":"04  SALAMANCA","Barrio":"04-05 LISTA","Calle":"JUAN BRAVO, CALLE, DE","Nº Finca":50,"Tipo de Reserva":"BiciMAD","Número de Plazas":24,"LONGITUD":"-3.67546278832357","LATITUD":"40.4323192767183","DIRECCION":" CALLE DE JUAN BRAVO, 50"}
{"Número":145,"Gis_X":443050.11,"Gis_Y":4475675.85,"Fecha de Alta":42186,"Distrito":"04  SALAMANCA","Barrio":"05-01 EL VISO","Calle":"JOSE ORTEGA Y GASSET, CALLE, DE","Nº Finca":87,"Tipo de Reserva":"BiciMAD","Número de Plazas":24,"LONGITUD":"-3.67140101735196","LATITUD":"40.4297718501365","DIRECCION":" CALLE DE JOSE ORTEGA Y GASSET, 87"}
{"Número":146,"Gis_X":442434.99,"Gis_Y":4477286.31,"Fecha de Alta":42175,"Distrito":"05  CHAMARTÍN","Barrio":"05-01 EL VISO","Calle":"MARIA FRANCISCA, CALLE, DE","Nº Finca":1,"Tipo de Reserva":"BiciMAD","Número de Plazas":18,"LONGITUD":"-3.67879828222775","LATITUD":"40.4442373182551","DIRECCION":" CALLE DE MARIA FRANCISCA, 1"}
{"Número":147,"Gis_X":442372.1,"Gis_Y":4477741.71,"Fecha de Alta":42186,"Distrito":"05  CHAMARTÍN","Barrio":"05-01 EL VISO","Calle":"DOCTOR ARCE, AVENIDA, DEL","Nº Finca":45,"Tipo de Reserva":"BiciMAD","Número de Plazas":24,"LONGITUD":"-3.67958114183306","LATITUD":"40.4483354192575","DIRECCION":" AVENIDA DEL DOCTOR ARCE, 45"}
{"Número":148,"Gis_X":442194.78,"Gis_Y":4478041.13,"Fecha de Alta":42186,"Distrito":"05  CHAMARTÍN","Barrio":"05-01 EL VISO","Calle":"SERRANO, CALLE, DE","Nº Finca":210,"Tipo de Reserva":"BiciMAD","Número de Plazas":24,"LONGITUD":"-3.68169931558042","LATITUD":"40.4510204216607","DIRECCION":" CALLE DE SERRANO, 210"}
{"Número":149,"Gis_X":441672.37,"Gis_Y":4477914.72,"Fecha de Alta":42186,"Distrito":"05  CHAMARTÍN","Barrio":"05-01 EL VISO","Calle":"LA HABANA, PASEO, DE","Nº Finca":42,"Tipo de Reserva":"BiciMAD","Número de Plazas":24,"LONGITUD":"-3.68784808757322","LATITUD":"40.4498451697623","DIRECCION":" PASEO DE LA HABANA, 42"}
{"Número":150,"Gis_X":441443.38,"Gis_Y":4477835.19,"Fecha de Alta":42186,"Distrito":"05  CHAMARTÍN","Barrio":"06-02 CUATRO CAMINOS","Calle":"CASTELLANA, PASEO, DE LA","Nº Finca":"S/N","Tipo de Reserva":"BiciMAD","Número de Plazas":24,"LONGITUD":"-3.69054100966626","LATITUD":"40.4491126287716","DIRECCION":" PASEO DE LA CASTELLANA, S/N"}
{"Número":151,"Gis_X":441047.89,"Gis_Y":4477810.45,"Fecha de Alta":42186,"Distrito":"06  TETUÁN","Barrio":"06-02 CUATRO CAMINOS","Calle":"ORENSE, CALLE, DE","Nº Finca":10,"Tipo de Reserva":"BiciMAD","Número de Plazas":24,"LONGITUD":"-3.69520228576473","LATITUD":"40.4488618069579","DIRECCION":" CALLE DE ORENSE, 10"}
{"Número":152,"Gis_X":440733.5,"Gis_Y":4478240.82,"Fecha de Alta":42186,"Distrito":"06  TETUÁN","Barrio":"06-02 CUATRO CAMINOS","Calle":"GENERAL PERON, AVENIDA, DEL","Nº Finca":"S/N","Tipo de Reserva":"BiciMAD","Número de Plazas":24,"LONGITUD":"-3.69894968717916","LATITUD":"40.4527164088074","DIRECCION":" AVENIDA DEL GENERAL PERON, S/N"}
{"Número":153,"Gis_X":441230.1,"Gis_Y":4478196.25,"Fecha de Alta":42186,"Distrito":"06  TETUÁN","Barrio":"06-02 CUATRO CAMINOS","Calle":"GENERAL PERON, AVENIDA, DEL","Nº Finca":"S/N","Tipo de Reserva":"BiciMAD","Número de Plazas":24,"LONGITUD":"-3.6930893999765","LATITUD":"40.4523501644264","DIRECCION":" AVENIDA DEL GENERAL PERON, S/N"}
{"Número":154,"Gis_X":441097.89,"Gis_Y":4478466.69,"Fecha de Alta":42186,"Distrito":"06  TETUÁN","Barrio":"06-02 CUATRO CAMINOS","Calle":"ORENSE, CALLE, DE","Nº Finca":36,"Tipo de Reserva":"BiciMAD","Número de Plazas":24,"LONGITUD":"-3.69467356900089","LATITUD":"40.4547770459342","DIRECCION":" CALLE DE ORENSE, 36"}
{"Número":155,"Gis_X":440575.2,"Gis_Y":4478749.38,"Fecha de Alta":42186,"Distrito":"06  TETUÁN","Barrio":"06-03 CASTILLEJOS","Calle":"SAN GERMÁN, CALLE, DE","Nº Finca":55,"Tipo de Reserva":"BiciMAD","Número de Plazas":24,"LONGITUD":"-3.70086404181687","LATITUD":"40.4572864267519","DIRECCION":" CALLE DE SAN GERMÁN, 55"}
{"Número":156,"Gis_X":441385.88,"Gis_Y":4478959.93,"Fecha de Alta":42186,"Distrito":"06  TETUÁN","Barrio":"05-05 NUEVA ESPAÑA","Calle":"SOR ANGELA DE LA CRUZ, CALLE, DE","Nº Finca":"S/N","Tipo de Reserva":"BiciMAD","Número de Plazas":24,"LONGITUD":"-3.69132288056322","LATITUD":"40.4592407253711","DIRECCION":" CALLE DE SOR ANGELA DE LA CRUZ, S/N"}
{"Número":157,"Gis_X":441554.84,"Gis_Y":4478963.2,"Fecha de Alta":42186,"Distrito":"05  CHAMARTÍN","Barrio":"05-04 HISPANOAMÉRICA","Calle":"CASTELLANA, PASEO, DE LA","Nº Finca":"S/N","Tipo de Reserva":"BiciMAD","Número de Plazas":24,"LONGITUD":"-3.68933052390666","LATITUD":"40.4592820835376","DIRECCION":" PASEO DE LA CASTELLANA, S/N"}
{"Número":158,"Gis_X":441946.46,"Gis_Y":4478886.67,"Fecha de Alta":42186,"Distrito":"05  CHAMARTÍN","Barrio":"05-04 HISPANOAMÉRICA","Calle":"ALBERTO ALCOCER, AVENIDA, DE","Nº Finca":"22 A","Tipo de Reserva":"BiciMAD","Número de Plazas":24,"LONGITUD":"-3.68470488254384","LATITUD":"40.4586201189797","DIRECCION":" AVENIDA DE ALBERTO ALCOCER, 22 A"}
{"Número":159,"Gis_X":442024.96,"Gis_Y":4478401.51,"Fecha de Alta":42186,"Distrito":"05  CHAMARTÍN","Barrio":"05-04 HISPANOAMÉRICA","Calle":"LA HABANA, PASEO, DE","Nº Finca":63,"Tipo de Reserva":"BiciMAD","Número de Plazas":24,"LONGITUD":"-3.68373478002691","LATITUD":"40.4542550609982","DIRECCION":" PASEO DE LA HABANA, 63"}
{"Número":160,"Gis_X":442637.46,"Gis_Y":4478722.46,"Fecha de Alta":42186,"Distrito":"05  CHAMARTÍN","Barrio":"09-01 CASA DE CAMPO","Calle":"COLOMBIA, CALLE, DE","Nº Finca":7,"Tipo de Reserva":"BiciMAD","Número de Plazas":24,"LONGITUD":"-3.67654067670693","LATITUD":"40.4571888259995","DIRECCION":" CALLE DE COLOMBIA, 7"}
{"Número":161,"Gis_X":438748.24,"Gis_Y":4474860.98,"Fecha de Alta":42186,"Distrito":"09  MONCLOA-ARAVACA","Barrio":"09-01 CASA DE CAMPO","Calle":"FLORIDA, PASEO, DE LA","Nº Finca":8,"Tipo de Reserva":"BiciMAD","Número de Plazas":24,"LONGITUD":"-3.72203499059955","LATITUD":"40.4221255199314","DIRECCION":" PASEO DE LA FLORIDA, 8"}
{"Número":162,"Gis_X":439688.47,"Gis_Y":4472787.76,"Fecha de Alta":42186,"Distrito":"02  ARGANZUELA","Barrio":"02-02 ACACIAS","Calle":"OLMOS, PASEO, DE LOS","Nº Finca":28,"Tipo de Reserva":"BiciMAD","Número de Plazas":24,"LONGITUD":"-3.71075584974067","LATITUD":"40.403517676295","DIRECCION":" PASEO DE LOS OLMOS, 28"}
{"Número":163,"Gis_X":440055.04,"Gis_Y":4472797.85,"Fecha de Alta":42186,"Distrito":"02  ARGANZUELA","Barrio":"02-05 DELICIAS","Calle":"ESPERANZA, PASEO, DE LA","Nº Finca":0.08333333333333333,"Tipo de Reserva":"BiciMAD","Número de Plazas":21,"LONGITUD":"-3.70643717926717","LATITUD":"40.4036350443485","DIRECCION":" PASEO DE LA ESPERANZA, 8,33333333333333E-02"}
{"Número":164,"Gis_X":441064.15,"Gis_Y":4472071.33,"Fecha de Alta":42186,"Distrito":"02  ARGANZUELA","Barrio":"02-03 CHOPERA","Calle":"DELICIAS, PASEO, DE LAS","Nº Finca":92,"Tipo de Reserva":"BiciMAD","Número de Plazas":24,"LONGITUD":"-3.69447863235663","LATITUD":"40.3971622196514","DIRECCION":" PASEO DE LAS DELICIAS, 92"}
{"Número":165,"Gis_X":440794.37,"Gis_Y":4471598.57,"Fecha de Alta":43718,"Distrito":"02  ARGANZUELA","Barrio":"01-01 PALACIO","Calle":"CHOPERA, PASEO, DE LA","Nº Finca":49,"Tipo de Reserva":"BiciMAD","Número de Plazas":40,"LONGITUD":"-3.69761344326395","LATITUD":"40.3928842175264","DIRECCION":" PASEO DE LA CHOPERA, 49"}
{"Número":166,"Gis_X":439477.71,"Gis_Y":4473947.39,"Fecha de Alta":42544,"Distrito":"01  CENTRO","Barrio":"02-01 IMPERIAL","Calle":"SEGOVIA, CALLE, DE","Nº Finca":26,"Tipo de Reserva":"BiciMAD","Número de Plazas":24,"LONGITUD":"-3.71334971164657","LATITUD":"40.4139488692699","DIRECCION":" CALLE DE SEGOVIA, 26"}
{"Número":167,"Gis_X":439117.28,"Gis_Y":4473925.6,"Fecha de Alta":42877,"Distrito":"02  ARGANZUELA","Barrio":"02-06 PALOS DE MOGUER","Calle":"SEGOVIA, CALLE, DE","Nº Finca":45,"Tipo de Reserva":"BiciMAD","Número de Plazas":24,"LONGITUD":"-3.71759554175092","LATITUD":"40.4137262879747","DIRECCION":" CALLE DE SEGOVIA, 45"}
{"Número":168,"Gis_X":440948.66,"Gis_Y":4472895.98,"Fecha de Alta":43752,"Distrito":"02  ARGANZUELA","Barrio":"02-02 ACACIAS","Calle":"SANTA MARIA DE LA CABEZA, PASEO, DE","Nº Finca":32,"Tipo de Reserva":"BiciMAD","Número de Plazas":24,"LONGITUD":"-3.69591592521647","LATITUD":"40.4045829072803","DIRECCION":" PASEO DE SANTA MARIA DE LA CABEZA, 32"}
{"Número":169,"Gis_X":439424.51,"Gis_Y":4472574.58,"Fecha de Alta":43699,"Distrito":"02  ARGANZUELA","Barrio":"02-02 ACACIAS","Calle":"TOLEDO, CALLE, DE","Nº Finca":181,"Tipo de Reserva":"BiciMAD","Número de Plazas":24,"LONGITUD":"-3.71384603495226","LATITUD":"40.4015780876676","DIRECCION":" CALLE DE TOLEDO, 181"}
{"Número":170,"Gis_X":440225.41,"Gis_Y":4472515.53,"Fecha de Alta":43649,"Distrito":"02  ARGANZUELA","Barrio":"02-05 DELICIAS","Calle":"ESPERANZA, PASEO, DE LA","Nº Finca":21,"Tipo de Reserva":"BiciMAD","Número de Plazas":24,"LONGITUD":"-3.70440304204774","LATITUD":"40.4011040154422","DIRECCION":" PASEO DE LA ESPERANZA, 21"}
{"Número":171,"Gis_X":440730.53,"Gis_Y":4472361.66,"Fecha de Alta":43649,"Distrito":"02  ARGANZUELA","Barrio":"02-06 PALOS DE MOGUER","Calle":"EMBAJADORES, CALLE, DE","Nº Finca":97,"Tipo de Reserva":"BiciMAD","Número de Plazas":24,"LONGITUD":"-3.69843664064398","LATITUD":"40.399753983711","DIRECCION":" CALLE DE EMBAJADORES, 97"}
{"Número":172,"Gis_X":441146.63,"Gis_Y":4472482.09,"Fecha de Alta":43740,"Distrito":"02  ARGANZUELA","Barrio":"02-02 ACACIAS","Calle":"BUSTAMANTE, CALLE, DE","Nº Finca":1,"Tipo de Reserva":"BiciMAD","Número de Plazas":24,"LONGITUD":"-3.69354475702508","LATITUD":"40.4008683916389","DIRECCION":" CALLE DE BUSTAMANTE, 1"}
{"Número":173,"Gis_X":440396.07,"Gis_Y":4472189.13,"Fecha de Alta":43699,"Distrito":"02  ARGANZUELA","Barrio":"02-02 ACACIAS","Calle":"ESPERANZA, PASEO, DE LA","Nº Finca":59,"Tipo de Reserva":"BiciMAD","Número de Plazas":24,"LONGITUD":"-3.70236151429629","LATITUD":"40.3981758743262","DIRECCION":" PASEO DE LA ESPERANZA, 59"}
{"Número":174,"Gis_X":440049.63,"Gis_Y":4472109.49,"Fecha de Alta":43718,"Distrito":"02  ARGANZUELA","Barrio":"02-03 CHOPERA","Calle":"YESERIAS, PASEO, DE LAS","Nº Finca":8,"Tipo de Reserva":"BiciMAD","Número de Plazas":27,"LONGITUD":"-3.70643610595758","LATITUD":"40.3974335698009","DIRECCION":" PASEO DE LAS YESERIAS, 8"}
{"Número":175,"Gis_X":440738.36,"Gis_Y":4471970.78,"Fecha de Alta":43641,"Distrito":"02  ARGANZUELA","Barrio":"02-05 DELICIAS","Calle":"JAIME EL CONQUISTADOR, CALLE, DE","Nº Finca":30,"Tipo de Reserva":"BiciMAD","Número de Plazas":21,"LONGITUD":"-3.69830799524925","LATITUD":"40.3962332942252","DIRECCION":" CALLE DE JAIME EL CONQUISTADOR, 30"}
{"Número":176,"Gis_X":441133.61,"Gis_Y":4471746.54,"Fecha de Alta":43634,"Distrito":"02  ARGANZUELA","Barrio":"02-05 DELICIAS","Calle":"ALICANTE, CALLE, DE","Nº Finca":3,"Tipo de Reserva":"BiciMAD","Número de Plazas":24,"LONGITUD":"-3.69363017200199","LATITUD":"40.3942412540086","DIRECCION":" CALLE DE ALICANTE, 3"}
{"Número":177,"Gis_X":441092.45,"Gis_Y":4471442.79,"Fecha de Alta":43634,"Distrito":"02  ARGANZUELA","Barrio":"03-01 PACÍFICO","Calle":"BOLIVAR, CALLE, DE","Nº Finca":3,"Tipo de Reserva":"BiciMAD","Número de Plazas":24,"LONGITUD":"-3.69408703536021","LATITUD":"40.3915020037968","DIRECCION":" CALLE DE BOLIVAR, 3"}
{"Número":178,"Gis_X":442386.66,"Gis_Y":4472704.6,"Fecha de Alta":43881,"Distrito":"03  RETIRO","Barrio":"13-02 SAN DIEGO","Calle":"LEON GIL DE PALACIO, CALLE, DE","Nº Finca":2,"Tipo de Reserva":"BiciMAD","Número de Plazas":24,"LONGITUD":"-3.67895301493538","LATITUD":"40.402959602966","DIRECCION":" CALLE DE LEON GIL DE PALACIO, 2"}
{"Número":179,"Gis_X":443221.32,"Gis_Y":4472140.37,"Fecha de Alta":43738,"Distrito":"13  PUENTE DE VALLECAS","Barrio":"02-07 ATOCHA","Calle":"ALBUFERA, AVENIDA, DE LA","Nº Finca":6,"Tipo de Reserva":"BiciMAD","Número de Plazas":24,"LONGITUD":"-3.66906715654201","LATITUD":"40.3979340378981","DIRECCION":" AVENIDA DE LA ALBUFERA, 6"}
{"Número":180,"Gis_X":442636.16,"Gis_Y":4471722.03,"Fecha de Alta":43719,"Distrito":"02  ARGANZUELA","Barrio":"03-04 IBIZA","Calle":"RETAMA, CALLE, DE LA","Nº Finca":5,"Tipo de Reserva":"BiciMAD","Número de Plazas":24,"LONGITUD":"-3.67592440950663","LATITUD":"40.3941252964465","DIRECCION":" CALLE DE LA RETAMA, 5"}
{"Número":181,"Gis_X":442595.87,"Gis_Y":4474391.99,"Fecha de Alta":43634,"Distrito":"03  RETIRO","Barrio":"03-03 ESTRELLA","Calle":"IBIZA, CALLE, DE","Nº Finca":18,"Tipo de Reserva":"BiciMAD","Número de Plazas":27,"LONGITUD":"-3.67663994453037","LATITUD":"40.4181749604658","DIRECCION":" CALLE DE IBIZA, 18"}
{"Número":182,"Gis_X":443541.21,"Gis_Y":4474444.72,"Fecha de Alta":43612,"Distrito":"03  RETIRO","Barrio":"04-02 GOYA","Calle":"ALCALDE SAINZ DE BARANDA, CALLE, DEL","Nº Finca":90,"Tipo de Reserva":"BiciMAD","Número de Plazas":24,"LONGITUD":"-3.66550233391818","LATITUD":"40.418714653933","DIRECCION":" CALLE DEL ALCALDE SAINZ DE BARANDA, 90"}
{"Número":183,"Gis_X":443212.07,"Gis_Y":4475215.51,"Fecha de Alta":43678,"Distrito":"04  SALAMANCA","Barrio":"04-03 FUENTE DEL BERRO","Calle":"HERMOSILLA, CALLE, DE","Nº Finca":135,"Tipo de Reserva":"BiciMAD","Número de Plazas":24,"LONGITUD":"-3.66945062094213","LATITUD":"40.4256359410288","DIRECCION":" CALLE DE HERMOSILLA, 135"}
{"Número":184,"Gis_X":443563.66,"Gis_Y":4475253.54,"Fecha de Alta":43678,"Distrito":"04  SALAMANCA","Barrio":"04-03 FUENTE DEL BERRO","Calle":"MARQUES DE ZAFRA, PASEO, DEL","Nº Finca":24,"Tipo de Reserva":"BiciMAD","Número de Plazas":24,"LONGITUD":"-3.66530950600264","LATITUD":"40.4260024599175","DIRECCION":" PASEO DEL MARQUES DE ZAFRA, 24"}
{"Número":185,"Gis_X":443883.24,"Gis_Y":4475147.45,"Fecha de Alta":43678,"Distrito":"04  SALAMANCA","Barrio":"04-05 LISTA","Calle":"MARQUES DE ZAFRA, GLORIETA, DEL","Nº Finca":4,"Tipo de Reserva":"BiciMAD","Número de Plazas":24,"LONGITUD":"-3.66153295744438","LATITUD":"40.4250683619825","DIRECCION":" GLORIETA DEL MARQUES DE ZAFRA, 4"}
{"Número":186,"Gis_X":442466.16,"Gis_Y":4475602.3,"Fecha de Alta":43738,"Distrito":"04  SALAMANCA","Barrio":"04-03 FUENTE DEL BERRO","Calle":"GENERAL PARDIÑAS, CALLE, DEL","Nº Finca":56,"Tipo de Reserva":"BiciMAD","Número de Plazas":24,"LONGITUD":"-3.67827828423443","LATITUD":"40.4290690913687","DIRECCION":" CALLE DEL GENERAL PARDIÑAS, 56"}
{"Número":187,"Gis_X":443691.7,"Gis_Y":4475711.36,"Fecha de Alta":43655,"Distrito":"04  SALAMANCA","Barrio":"15-01 VENTAS","Calle":"ALEJANDRO GONZALEZ, CALLE, DE","Nº Finca":1,"Tipo de Reserva":"BiciMAD","Número de Plazas":24,"LONGITUD":"-3.66384073130543","LATITUD":"40.4301354203598","DIRECCION":" CALLE DE ALEJANDRO GONZALEZ, 1"}
{"Número":188,"Gis_X":444111.11,"Gis_Y":4475822.61,"Fecha de Alta":43720,"Distrito":"15  CIUDAD LINEAL","Barrio":"15-04 CONCEPCIÓN","Calle":"DAROCA, AVENIDA, DE","Nº Finca":2,"Tipo de Reserva":"BiciMAD","Número de Plazas":27,"LONGITUD":"-3.65890623456398","LATITUD":"40.4311659047464","DIRECCION":" AVENIDA DE DAROCA, 2"}
{"Número":189,"Gis_X":444401.74,"Gis_Y":4476259.67,"Fecha de Alta":43759,"Distrito":"15  CIUDAD LINEAL","Barrio":"04-06 CASTELLANA","Calle":"VIRGEN DE LA ALEGRIA, CALLE, DE LA","Nº Finca":18,"Tipo de Reserva":"BiciMAD","Número de Plazas":24,"LONGITUD":"-3.65551827726975","LATITUD":"40.4351226521444","DIRECCION":" CALLE DE LA VIRGEN DE LA ALEGRIA, 18"}
{"Número":190,"Gis_X":442030.45,"Gis_Y":4476194.66,"Fecha de Alta":43678,"Distrito":"04  SALAMANCA","Barrio":"04-04 GUINDALERA","Calle":"VELAZQUEZ, CALLE, DE","Nº Finca":91,"Tipo de Reserva":"BiciMAD","Número de Plazas":24,"LONGITUD":"-3.6834686388527","LATITUD":"40.4343751094586","DIRECCION":" CALLE DE VELAZQUEZ, 91"}
{"Número":191,"Gis_X":442830.66,"Gis_Y":4476215.36,"Fecha de Alta":43700,"Distrito":"04  SALAMANCA","Barrio":"04-04 GUINDALERA","Calle":"ALONSO HEREDIA, CALLE, DE","Nº Finca":"S/N","Tipo de Reserva":"BiciMAD","Número de Plazas":18,"LONGITUD":"-3.67403654317288","LATITUD":"40.4346169747582","DIRECCION":" CALLE DE ALONSO HEREDIA, S/N"}
{"Número":192,"Gis_X":443049.28,"Gis_Y":4475907.11,"Fecha de Alta":43634,"Distrito":"04  SALAMANCA","Barrio":"04-04 GUINDALERA","Calle":"TOREROS, AVENIDA, DE LOS","Nº Finca":3,"Tipo de Reserva":"BiciMAD","Número de Plazas":27,"LONGITUD":"-3.67143152187491","LATITUD":"40.4318551014098","DIRECCION":" AVENIDA DE LOS TOREROS, 3"}
{"Número":193,"Gis_X":443540.74,"Gis_Y":4475977.26,"Fecha de Alta":43634,"Distrito":"04  SALAMANCA","Barrio":"04-04 GUINDALERA","Calle":"TOREROS, AVENIDA, DE LOS","Nº Finca":47,"Tipo de Reserva":"BiciMAD","Número de Plazas":24,"LONGITUD":"-3.66564396310347","LATITUD":"40.4325205533754","DIRECCION":" AVENIDA DE LOS TOREROS, 47"}
{"Número":194,"Gis_X":442564.99,"Gis_Y":4476503.98,"Fecha de Alta":43738,"Distrito":"04  SALAMANCA","Barrio":"05-02 PROSPERIDAD","Calle":"FRANCISCO SILVELA, CALLE, DE","Nº Finca":86,"Tipo de Reserva":"BiciMAD","Número de Plazas":24,"LONGITUD":"-3.6771947177994","LATITUD":"40.4371987015817","DIRECCION":" CALLE DE FRANCISCO SILVELA, 86"}
{"Número":195,"Gis_X":442711.2,"Gis_Y":4476730.39,"Fecha de Alta":43738,"Distrito":"05  CHAMARTÍN","Barrio":"05-03 CIUDAD JARDÍN","Calle":"PADRE INDALECIO HERNANDEZ, CALLE, DEL","Nº Finca":1,"Tipo de Reserva":"BiciMAD","Número de Plazas":24,"LONGITUD":"-3.67549133764951","LATITUD":"40.4392483990274","DIRECCION":" CALLE DEL PADRE INDALECIO HERNANDEZ, 1"}
{"Número":196,"Gis_X":442749.2,"Gis_Y":4477268.2,"Fecha de Alta":43759,"Distrito":"05  CHAMARTÍN","Barrio":"05-01 EL VISO","Calle":"SUERO DE QUIÑONES, CALLE, DE","Nº Finca":2,"Tipo de Reserva":"BiciMAD","Número de Plazas":24,"LONGITUD":"-3.67509177574208","LATITUD":"40.4440958702634","DIRECCION":" CALLE DE SUERO DE QUIÑONES, 2"}
{"Número":197,"Gis_X":442469.66,"Gis_Y":4478099.83,"Fecha de Alta":43678,"Distrito":"05  CHAMARTÍN","Barrio":"07-04 ALMAGRO","Calle":"CONCHA ESPINA, AVENIDA, DE","Nº Finca":34,"Tipo de Reserva":"BiciMAD","Número de Plazas":24,"LONGITUD":"-3.67846317896436","LATITUD":"40.4515682889892","DIRECCION":" AVENIDA DE CONCHA ESPINA, 34"}
{"Número":198,"Gis_X":441342.11,"Gis_Y":4476060.39,"Fecha de Alta":43752,"Distrito":"07  CHAMBERÍ","Barrio":"07-01 GAZTAMBIDE","Calle":"RUBEN DARIO, GLORIETA, DE","Nº Finca":2,"Tipo de Reserva":"BiciMAD","Número de Plazas":24,"LONGITUD":"-3.69157130820518","LATITUD":"40.433117280723","DIRECCION":" GLORIETA DE RUBEN DARIO, 2"}
{"Número":199,"Gis_X":439369.52,"Gis_Y":4476210.1,"Fecha de Alta":43641,"Distrito":"07  CHAMBERÍ","Barrio":"07-02 ARAPILES","Calle":"FERNANDO EL CATOLICO, CALLE, DE","Nº Finca":61,"Tipo de Reserva":"BiciMAD","Número de Plazas":27,"LONGITUD":"-3.71484056202738","LATITUD":"40.4343244782558","DIRECCION":" CALLE DE FERNANDO EL CATOLICO, 61"}
{"Número":200,"Gis_X":440231.49,"Gis_Y":4476129.61,"Fecha de Alta":43714,"Distrito":"07  CHAMBERÍ","Barrio":"07-05 RÍOS ROSAS","Calle":"QUEVEDO, GLORIETA, DE","Nº Finca":4,"Tipo de Reserva":"BiciMAD","Número de Plazas":24,"LONGITUD":"-3.70467099810926","LATITUD":"40.4336617785123","DIRECCION":" GLORIETA DE QUEVEDO, 4"}
{"Número":201,"Gis_X":440308.49,"Gis_Y":4476691.87,"Fecha de Alta":43759,"Distrito":"07  CHAMBERÍ","Barrio":"07-06 VALLEHERMOSO","Calle":"JOSE ABASCAL, CALLE, DE","Nº Finca":"frente al 2","Tipo de Reserva":"BiciMAD","Número de Plazas":24,"LONGITUD":"-3.70381604764219","LATITUD":"40.4387323940721","DIRECCION":" CALLE DE JOSE ABASCAL, frente al 2"}
{"Número":202,"Gis_X":439947.59,"Gis_Y":4476965.21,"Fecha de Alta":43749,"Distrito":"07  CHAMBERÍ","Barrio":"07-06 VALLEHERMOSO","Calle":"SANTANDER, CALLE, DE","Nº Finca":"S/N","Tipo de Reserva":"BiciMAD","Número de Plazas":24,"LONGITUD":"-3.70809690838274","LATITUD":"40.4411687734016","DIRECCION":" CALLE DE SANTANDER, S/N"}
{"Número":203,"Gis_X":439410.6,"Gis_Y":4477034.81,"Fecha de Alta":43612,"Distrito":"07  CHAMBERÍ","Barrio":"06-01 BELLAS VISTAS","Calle":"GENERAL AMPUDIA, CALLE, DEL","Nº Finca":2,"Tipo de Reserva":"BiciMAD","Número de Plazas":24,"LONGITUD":"-3.71443489977391","LATITUD":"40.4417568035991","DIRECCION":" CALLE DEL GENERAL AMPUDIA, 2"}
{"Número":204,"Gis_X":440286.36,"Gis_Y":4477683.16,"Fecha de Alta":43678,"Distrito":"06  TETUÁN","Barrio":"06-01 BELLAS VISTAS","Calle":"DOCTOR SANTERO, CALLE, DEL","Nº Finca":2,"Tipo de Reserva":"BiciMAD","Número de Plazas":24,"LONGITUD":"-3.70417014356222","LATITUD":"40.4476607709578","DIRECCION":" CALLE DEL DOCTOR SANTERO, 2"}
{"Número":205,"Gis_X":440361.85,"Gis_Y":4478331.04,"Fecha de Alta":43634,"Distrito":"06  TETUÁN","Barrio":"06-06 BERRUGUETE","Calle":"NAVARRA, CALLE, DE","Nº Finca":1,"Tipo de Reserva":"BiciMAD","Número de Plazas":24,"LONGITUD":"-3.70334084201613","LATITUD":"40.4535025645548","DIRECCION":" CALLE DE NAVARRA, 1"}
